class,text
"[1, 2, 0, 0, 0, 0, 0, 0, 0, 0]","[""works"", ""fine"", "","", ""just"", ""like"", ""a"", ""q"", ""-"", ""tip"", "".""]"
"[0, 0, 0, 0, 0, 0, 0, 0, 0, 1, 2, 0, 0, 0, 1, 2, 0, 0, 0, 0, 0, 0, 0, 0, 1, 0, 0, 0, 0, 0, 1, 2, 0, 0, 1, 2, 0, 1, 2, 2, 2, 0, 0, 0, 0, 0, 0, 0, 0]","[""great"", ""buy"", ""!"", ""everything"", ""i"", ""had"", ""on"", ""my"", ""counters"", ""fits"", ""perfectly"", ""."", ""love"", ""the"", ""versa"", ""##tility"", ""of"", ""this"", ""organizer"", ""."", ""not"", ""to"", ""mention"", ""how"", ""tidy"", ""my"", ""counters"", ""are"", ""."", ""item"", ""came"", ""fast"", ""and"", ""was"", ""well"", ""packed"", ""."", ""assembly"", ""was"", ""a"", ""breeze"", ""."", ""i"", ""highly"", ""recommend"", ""purchasing"", ""a"", ""few"", ""!""]"
"[0, 0, 0, 0, 0, 0, 0, 0, 1, 2, 0, 1, 0, 0, 0, 0, 0]","[""bought"", ""these"", ""to"", ""decorate"", ""my"", ""office"", ""!"", ""so"", ""dai"", ""##nty"", ""and"", ""pretty"", ""!"", ""i"", ""love"", ""it"", "".""]"
"[0, 0, 0, 0, 0, 0, 0, 0, 0, 0, 0, 0, 1, 2, 0]","[""i"", ""use"", ""it"", ""for"", ""all"", ""my"", ""sewing"", ""machine"", ""feet"", ""and"", ""utilities"", ""."", ""works"", ""great"", "".""]"
"[0, 0, 0, 0, 0, 0, 0, 0, 0, 0, 0, 0, 0, 1, 0, 1, 0, 0, 1, 2, 0, 0, 1, 2, 2, 0, 0, 0, 0, 0, 0, 0, 0, 0, 0, 0, 0, 0, 0, 0, 0, 0, 0, 0, 0, 0, 0, 0, 0, 0, 0, 0, 0, 0, 1, 2, 2, 2, 2, 2, 2, 2, 0, 0, 0, 0, 0, 0, 0, 0, 1, 0, 0, 0, 0, 0]","[""this"", ""charge"", ""##r"", ""is"", ""great"", ""!"", ""smaller"", ""than"", ""my"", ""other"", ""one"", ""but"", ""much"", ""smaller"", "","", ""lighter"", "","", ""and"", ""more"", ""convenient"", ""."", ""it"", ""has"", ""enough"", ""juice"", ""to"", ""fully"", ""rec"", ""##har"", ""##ge"", ""my"", ""phone"", ""once"", ""."", ""perfect"", ""in"", ""a"", ""pinch"", ""or"", ""at"", ""the"", ""end"", ""of"", ""a"", ""long"", ""day"", ""without"", ""my"", ""normal"", ""charge"", ""##r"", ""."", ""it"", ""even"", ""comes"", ""with"", ""a"", ""really"", ""small"", ""micro"", ""usb"", ""cable"", ""that"", ""can"", ""be"", ""stored"", ""with"", ""it"", ""."", ""the"", ""battery"", ""is"", ""an"", ""added"", ""bonus"", ""!""]"
"[0, 0, 0, 0, 0, 0, 0, 0, 0, 0, 0, 0, 0]","[""just"", ""didn"", ""'"", ""t"", ""take"", ""on"", ""by"", ""any"", ""member"", ""of"", ""the"", ""family"", "".""]"
"[0, 1, 2, 0, 0]","[""very"", ""nice"", ""color"", ""live"", ""it""]"
"[0, 0, 0, 0, 0, 0, 0, 0, 0, 0, 0, 0, 0, 0, 0, 0, 0, 0, 0, 3, 4, 4, 0, 0, 0, 0, 0, 0, 0, 0, 0, 0, 0, 0, 0, 0, 0, 0, 0, 0, 0, 0, 0, 0, 0, 0, 0, 0, 0, 0, 0, 0, 0, 0, 0, 0, 0, 0, 0]","[""i"", ""bought"", ""this"", ""two"", ""pack"", ""for"", ""the"", ""jeep"", ""and"", ""installed"", ""."", ""had"", ""to"", ""remove"", ""the"", ""left"", ""one"", ""because"", ""it"", ""restricted"", ""my"", ""view"", ""to"", ""much"", ""when"", ""backing"", ""up"", ""or"", ""checking"", ""for"", ""lane"", ""change"", ""."", ""if"", ""it"", ""is"", ""a"", ""daily"", ""driver"", "","", ""i"", ""would"", ""suggest"", ""just"", ""the"", ""one"", ""."", ""gave"", ""the"", ""other"", ""one"", ""away"", ""to"", ""another"", ""jeep"", ""##er"", ""to"", ""have"", "".""]"
"[0, 0, 0, 0, 1, 0, 0, 1, 2, 0, 0, 0, 0, 0, 0, 0, 0]","[""it"", ""'"", ""s"", ""a"", ""cute"", ""pin"", ""."", ""nice"", ""size"", ""."", ""i"", ""'"", ""ve"", ""received"", ""compliment"", ""##s"", "".""]"
"[0, 0, 0, 0, 1, 2, 0]","[""got"", ""a"", ""lot"", ""of"", ""compliment"", ""##s"", ""[UNK]""]"
"[0, 0, 0, 0, 1, 2, 0, 0, 0, 0, 0, 0, 1, 0, 0, 0, 0, 0, 0, 0, 0, 0, 1, 2, 0, 0, 0, 0, 0, 0, 0, 0, 0, 0, 0, 0, 0, 0, 0, 0, 0, 0, 0, 0, 0, 0, 0, 0, 0, 0, 0, 0, 0, 0, 0, 0, 0, 0, 0, 0, 0, 0, 0, 0, 0, 0, 0, 0, 0, 0, 0, 0, 0, 0, 1, 2, 2, 2, 2, 0, 0, 3, 4, 4, 4, 4, 4, 4, 4, 4, 0, 0, 1, 2, 2, 2, 0, 0, 0, 0, 0, 0, 0, 0, 0, 0, 0, 0, 0, 0, 0, 0, 0, 0, 0, 0, 0, 0, 0, 1, 0, 1, 0]","[""these"", ""bi"", ""##bs"", ""are"", ""super"", ""cute"", ""!"", ""!"", ""!"", ""they"", ""are"", ""all"", ""cotton"", "","", ""which"", ""i"", ""like"", ""."", ""and"", ""the"", ""designs"", ""are"", ""super"", ""adorable"", ""."", ""even"", ""on"", ""days"", ""when"", ""we"", ""are"", ""lou"", ""##nging"", ""at"", ""the"", ""house"", ""in"", ""a"", ""plain"", ""ones"", ""##ie"", ""or"", ""sleep"", ""'"", ""n"", ""'"", ""play"", "","", ""i"", ""add"", ""one"", ""of"", ""these"", ""bi"", ""##bs"", ""("", ""and"", ""head"", ""##band"", ""/"", ""bow"", "")"", ""and"", ""it"", ""instantly"", ""makes"", ""for"", ""a"", ""cute"", ""outfit"", ""for"", ""pictures"", ""!"", ""they"", ""so"", ""##ak"", ""up"", ""dr"", ""##ool"", ""and"", ""are"", ""not"", ""as"", ""absorb"", ""##ent"", ""as"", ""thick"", ""##en"", ""bi"", ""##bs"", ""with"", ""the"", ""water"", ""##pro"", ""##oof"", ""material"", "","", ""but"", ""i"", ""have"", ""those"", ""already"", "","", ""and"", ""knew"", ""that"", ""before"", ""buying"", ""these"", ""."", ""main"", ""reason"", ""i"", ""bought"", ""these"", ""was"", ""because"", ""they"", ""are"", ""adorable"", ""and"", ""cotton"", "".""]"
"[0, 0, 0, 0, 0, 0, 0, 1, 2, 2, 0, 0, 0, 0, 0, 0, 0, 0, 0, 0, 0, 0, 0, 0, 0, 0, 0, 0, 0, 0, 0, 0, 0, 0, 0, 0, 0, 0, 0, 0, 0, 0, 0, 0, 0, 0, 0, 0, 0, 0, 0, 0, 0, 0, 0, 3, 4, 0, 0, 0, 0, 0, 0, 0, 0, 0, 0, 0, 0, 0, 0, 0, 0, 0, 0, 0, 0, 0, 0, 0, 0, 0, 0, 0, 0, 0, 0, 0, 0, 0, 0, 0, 3, 4, 4, 4, 4, 4, 0, 0, 0, 3, 4, 4, 4, 4, 4, 4, 0, 0, 0, 0, 0, 0, 0, 0, 0, 0, 0, 0, 0, 0, 0, 0, 0, 0, 0, 3, 4, 4, 0]","[""the"", ""good"", "":"", ""in"", ""my"", ""quest"", ""for"", ""re"", ""##usa"", ""##ble"", ""cotton"", ""rounds"", "","", ""these"", ""have"", ""been"", ""a"", ""nice"", ""addition"", ""."", ""the"", ""additional"", ""little"", ""flap"", ""that"", ""allows"", ""you"", ""to"", ""hold"", ""the"", ""pad"", ""can"", ""use"", ""for"", ""tone"", ""##rs"", ""and"", ""mildly"", ""ex"", ""##folia"", ""##ting"", ""my"", ""face"", "","", ""but"", ""."", ""."", ""."", ""the"", ""bad"", "":"", ""it"", ""'"", ""s"", ""still"", ""too"", ""rough"", "","", ""especially"", ""upon"", ""repeat"", ""washing"", "","", ""to"", ""use"", ""on"", ""my"", ""eye"", ""area"", ""."", ""i"", ""definitely"", ""can"", ""'"", ""t"", ""use"", ""them"", ""for"", ""makeup"", ""removal"", "","", ""be"", ""##cas"", ""##ue"", ""if"", ""i"", ""try"", ""to"", ""use"", ""it"", "","", ""i"", ""have"", ""to"", ""be"", ""very"", ""very"", ""gentle"", "","", ""which"", ""usually"", ""leads"", ""to"", ""lots"", ""of"", ""left"", ""##over"", ""makeup"", ""."", ""the"", ""bottom"", ""line"", "":"", ""i"", ""would"", ""rep"", ""##ur"", ""##chase"", ""these"", "","", ""but"", ""only"", ""for"", ""my"", ""face"", ""for"", ""a"", ""very"", ""limited"", ""use"", "".""]"
"[1, 0, 0, 0, 0, 1, 2, 2, 0, 0, 0, 0]","[""gorgeous"", ""!"", ""i"", ""get"", ""so"", ""many"", ""compliment"", ""##s"", ""!"", ""!"", ""!"", ""!""]"
"[0, 0, 0, 0, 0, 0, 0, 0, 0, 0, 0, 0, 0, 0, 0, 0, 0, 0, 0, 0, 0, 0, 0, 0, 0, 0, 0, 0, 0, 0, 0, 0, 0, 0, 0, 0, 0, 0, 0, 0, 0, 1, 2, 2, 0, 0, 0, 0, 1, 2, 2, 2, 2, 0, 0, 0, 1, 0, 1, 2, 2, 2, 2, 2, 2, 2, 2, 0, 0, 0, 0, 0, 0, 1, 2, 2, 2, 2, 2, 0, 0, 0, 0, 0, 0, 0, 0, 0, 0, 0, 0, 0, 0, 0, 0, 3, 4, 4, 4, 4, 0, 0, 0, 0, 0, 3, 4, 0, 0, 0, 0, 0, 0, 0, 0, 0, 0, 0, 0, 0, 1, 2, 0, 0, 0, 1, 2, 2, 2, 2, 2, 0, 0, 0, 0, 0, 0, 0, 0, 0, 0, 0, 0, 0, 0, 0, 0, 0, 0, 0, 0, 0, 0, 0, 0, 0, 0, 0, 0, 0, 0, 0, 0, 0, 0, 0, 0, 0, 0, 0, 0, 0, 0, 0, 0, 0, 0, 0, 0, 0, 0, 0, 0, 0, 0, 0, 0]","[""great"", ""little"", ""organizer"", ""for"", ""smaller"", ""earrings"", ""&"", ""pendant"", ""##s"", ""in"", ""particular"", ""."", ""i"", ""bought"", ""it"", ""as"", ""a"", ""\"""", ""go"", ""with"", ""\"""", ""gift"", ""for"", ""my"", ""mother"", ""who"", ""wears"", ""clip"", ""on"", ""earrings"", ""."", ""there"", ""are"", ""tons"", ""of"", ""ear"", ""##ring"", ""trees"", ""etc"", ""out"", ""there"", ""for"", ""pierced"", ""earrings"", ""but"", ""nothing"", ""at"", ""all"", ""for"", ""clip"", ""on"", ""wear"", ""##ers"", ""."", ""this"", ""is"", ""perfect"", ""and"", ""won"", ""##t"", ""take"", ""up"", ""a"", ""huge"", ""amount"", ""of"", ""space"", ""on"", ""her"", ""bureau"", ""."", ""bonus"", "":"", ""more"", ""tray"", ""##s"", ""can"", ""be"", ""added"", ""if"", ""she"", ""runs"", ""out"", ""of"", ""space"", ""."", ""i"", ""would"", ""have"", ""given"", ""5"", ""stars"", ""had"", ""it"", ""not"", ""arrived"", ""with"", ""a"", ""broken"", ""foot"", ""and"", ""a"", ""bit"", ""of"", ""a"", ""cracked"", ""corner"", ""."", ""this"", ""didn"", ""'"", ""t"", ""happen"", ""in"", ""shipping"", ""as"", ""the"", ""box"", ""arrived"", ""in"", ""perfect"", ""condition"", ""and"", ""there"", ""were"", ""adequate"", ""air"", ""pillows"", ""protecting"", ""the"", ""product"", ""."", ""i"", ""don"", ""'"", ""t"", ""have"", ""time"", ""to"", ""return"", ""it"", ""for"", ""another"", ""one"", ""and"", ""i"", ""know"", ""that"", ""my"", ""mother"", ""won"", ""'"", ""t"", ""really"", ""care"", ""and"", ""so"", ""i"", ""'"", ""ll"", ""gift"", ""it"", ""anyway"", ""."", ""."", ""disappointing"", ""though"", ""to"", ""pay"", ""$"", ""21"", ""for"", ""a"", ""less"", ""than"", ""perfect"", ""item"", ""especially"", ""when"", ""it"", ""'"", ""s"", ""intended"", ""as"", ""a"", ""gift"", "".""]"
"[0, 0, 0, 0, 0, 0, 0, 1, 2, 2, 2, 0, 0, 0, 0, 0, 0, 0, 0, 0, 0, 0, 0, 0, 0, 0, 0, 0, 0, 0, 0, 0, 0, 0, 0, 1, 2, 0, 0, 1, 0, 0, 0, 1, 0, 0, 0, 0, 1, 2, 0, 0]","[""this"", ""is"", ""my"", ""absolute"", ""favorite"", ""lipstick"", ""."", ""g"", ""##lu"", ""##ten"", ""free"", ""is"", ""so"", ""important"", ""to"", ""me"", ""."", ""i"", ""'"", ""ve"", ""tried"", ""other"", ""brands"", ""of"", ""g"", ""##f"", ""lipstick"", ""and"", ""this"", ""brand"", ""is"", ""the"", ""best"", ""."", ""the"", ""almond"", ""color"", ""is"", ""very"", ""neutral"", ""with"", ""a"", ""little"", ""frost"", ""and"", ""so"", ""nice"", ""."", ""long"", ""wearing"", ""too"", ""!""]"
"[0, 0, 0, 0, 0, 0, 0, 0, 0, 0, 1, 2, 2, 2, 2, 0, 0, 0, 0, 0, 0, 0, 0, 0, 0, 0, 0, 0, 0, 0]","[""i"", ""wear"", ""a"", ""mask"", ""all"", ""day"", ""at"", ""work"", ""."", ""these"", ""provide"", ""a"", ""space"", ""to"", ""breathe"", ""between"", ""the"", ""mask"", ""and"", ""your"", ""face"", ""for"", ""less"", ""heat"", ""and"", ""ira"", ""##tation"", ""."", ""great"", ""product""]"
"[0, 1, 0, 0, 0, 0, 0, 0, 0, 0, 0, 0]","[""super"", ""cute"", ""."", ""were"", ""perfect"", ""for"", ""."", ""my"", ""daughters"", ""9th"", ""birthday"", "".""]"
"[0, 0, 0, 0, 0]","[""best"", ""jasmine"", ""tea"", ""ever"", ""!""]"
"[0, 0, 0, 0, 0, 0, 0, 0, 0, 0, 0, 0, 0, 0, 0, 0, 0, 0, 0, 0, 0, 0, 0, 0, 0, 0, 0, 0, 0, 0, 0, 0]","[""es"", ""excel"", ""##ente"", ""la"", ""carter"", ""##a"", "","", ""el"", ""color"", ""her"", ""##mos"", ""##o"", ""y"", ""la"", ""cal"", ""##idad"", ""."", ""vie"", ""##ne"", ""mu"", ""##y"", ""bien"", ""em"", ""##pac"", ""##ada"", ""y"", ""la"", ""ti"", ""##ra"", ""extra"", ""bella"", "".""]"
"[0, 1, 2, 2, 0, 1, 2, 2, 2, 2, 2, 2, 0, 0, 0, 0, 0, 0, 0, 0, 0, 0, 0, 0, 1, 2, 2, 0, 0, 0, 0, 0, 0, 3, 4, 4, 4, 0, 0, 0, 0, 0, 0, 0, 0, 0, 0, 0, 0, 0, 1, 2, 2, 2, 2, 2, 2, 0, 0, 0, 0, 0, 0, 0, 3, 4, 4, 4, 4, 4, 4, 0, 0, 0, 1, 2, 0, 0, 0, 0, 0, 3, 0, 3, 4, 0, 3, 4, 0, 0, 0, 0, 0, 0, 0, 0, 0, 0, 0, 0, 0, 0, 0, 0, 0, 0, 0, 0, 0, 0, 0, 0, 0, 0, 0, 0, 0, 0, 0, 0, 0, 0]","[""super"", ""high"", ""quality"", ""product"", ""\u2014"", ""didn"", ""\u2019"", ""t"", ""bleed"", ""off"", ""my"", ""lips"", ""even"", ""without"", ""liner"", ""("", ""every"", ""other"", ""lipstick"", ""does"", ""for"", ""me"", "")"", "","", ""rich"", ""saturated"", ""color"", ""."", ""the"", ""matt"", ""##e"", ""side"", ""did"", ""dry"", ""out"", ""my"", ""lips"", ""so"", ""i"", ""had"", ""to"", ""apply"", ""cha"", ""##ps"", ""##tick"", ""over"", ""it"", "","", ""but"", ""the"", ""color"", ""stayed"", ""on"", ""for"", ""a"", ""long"", ""time"", ""!"", ""my"", ""biggest"", ""disappointment"", ""is"", ""that"", ""the"", ""color"", ""was"", ""not"", ""what"", ""i"", ""was"", ""expecting"", ""the"", ""description"", ""said"", ""peach"", ""##y"", ""but"", ""it"", ""was"", ""more"", ""like"", ""rusty"", ""."", ""super"", ""dark"", ""with"", ""brownish"", ""hints"", ""."", ""it"", ""would"", ""have"", ""been"", ""helpful"", ""to"", ""see"", ""the"", ""product"", ""in"", ""use"", ""in"", ""the"", ""photos"", ""on"", ""a"", ""few"", ""different"", ""skin"", ""tones"", "","", ""so"", ""i"", ""could"", ""gauge"", ""what"", ""it"", ""might"", ""look"", ""like"", ""on"", ""me"", "".""]"
"[0, 0, 0, 0, 0, 0, 0, 0, 0, 0, 0, 0, 0, 0, 0, 0, 0, 0, 0, 0, 0, 0, 0, 0, 0, 0, 0, 0, 0, 0, 0, 0, 0, 0, 0, 0, 0, 0, 0, 0, 0, 0, 0, 0, 0, 1, 2, 0, 0, 0, 0, 0, 0, 0, 0, 0, 0, 0, 0, 0, 0, 0, 0, 0, 0, 0, 0, 0, 0, 0, 0, 0, 0, 0, 0, 0, 0, 0, 3, 4, 4, 0, 0, 0, 0, 0, 0, 0, 0, 0, 0, 3, 4, 4, 0, 0, 0, 0, 0, 0, 0, 0, 0, 0, 0, 0, 0, 0, 0, 0, 0, 0, 0, 0, 0, 0, 0, 0, 0, 3, 0, 0, 0, 0, 0, 0, 0, 0, 0, 0, 0, 0, 0, 0, 0, 0, 0, 0, 0, 0, 0, 0, 0, 0, 0, 0, 0, 0, 0, 0, 0, 0, 0, 0, 0, 0, 0, 0, 0, 0, 0, 1, 2, 0, 0, 0, 0, 0, 0, 0, 0, 0, 3, 4, 0, 0, 0, 0, 0, 0, 0, 1, 2, 2, 0, 0, 0, 0, 1, 0, 0, 1, 2, 0, 0, 0, 0, 0, 0, 0, 0, 0, 0, 0, 1, 2, 2, 0]","[""i"", ""specifically"", ""bought"", ""this"", ""for"", ""the"", ""transfer"", ""proof"", ""."", ""i"", ""kiss"", ""my"", ""boyfriend"", ""and"", ""i"", ""don"", ""\u2019"", ""t"", ""want"", ""him"", ""looking"", ""like"", ""he"", ""got"", ""punched"", ""in"", ""the"", ""mouth"", ""."", ""if"", ""i"", ""put"", ""a"", ""thin"", ""layer"", ""and"", ""b"", ""##lot"", ""it"", ""off"", "","", ""it"", ""does"", ""leave"", ""a"", ""nice"", ""color"", ""."", ""for"", ""me"", "","", ""about"", ""20"", ""minutes"", ""after"", ""i"", ""applied"", ""and"", ""let"", ""it"", ""dry"", "","", ""then"", ""b"", ""##lot"", ""##ted"", "","", ""i"", ""took"", ""a"", ""sip"", ""with"", ""a"", ""straw"", ""and"", ""i"", ""saw"", ""some"", ""color"", ""came"", ""off"", ""."", ""i"", ""looked"", ""in"", ""the"", ""mirror"", ""and"", ""i"", ""have"", ""that"", ""ring"", ""of"", ""death"", ""("", ""not"", ""the"", ""x"", ""box"", ""version"", "")"", ""in"", ""the"", ""inner"", ""ring"", ""of"", ""my"", ""mouth"", "","", ""b"", ""##lot"", ""##ted"", ""that"", ""off"", "","", ""now"", ""i"", ""can"", ""see"", ""streaks"", ""."", ""i"", ""can"", ""use"", ""my"", ""finger"", ""to"", ""move"", ""the"", ""color"", ""around"", ""to"", ""fill"", ""in"", ""the"", ""gaps"", ""."", ""i"", ""go"", ""to"", ""kiss"", ""my"", ""boyfriend"", ""about"", ""a"", ""half"", ""an"", ""hour"", ""later"", ""and"", ""he"", ""looks"", ""like"", ""he"", ""got"", ""punched"", ""."", ""it"", ""\u2019"", ""s"", ""a"", ""nice"", ""color"", ""if"", ""you"", ""use"", ""a"", ""lot"", ""."", ""but"", ""it"", ""will"", ""come"", ""off"", ""on"", ""every"", ""though"", ""you"", ""touch"", ""."", ""the"", ""finish"", ""is"", ""nice"", ""."", ""it"", ""\u2019"", ""s"", ""moist"", ""and"", ""it"", ""feels"", ""light"", ""but"", ""i"", ""can"", ""still"", ""tell"", ""i"", ""\u2019"", ""m"", ""wearing"", ""something"", ""."", ""very"", ""light"", ""feel"", "".""]"
"[0, 0, 0, 0, 0, 0, 0, 0, 0, 0, 0, 0, 0, 0, 0, 0, 0, 0, 0, 0, 0, 0, 0, 1, 2, 0, 0, 0, 1, 2, 2, 2, 2, 0, 0, 0, 1, 2, 2, 0, 0, 0, 0, 0, 0, 0, 0, 0, 1, 2, 2, 2, 0, 0, 1, 2, 2, 2, 2, 2, 2, 2, 2, 2, 2, 2, 0, 0, 0, 0, 0, 0, 0, 0, 0, 0, 1, 0, 0, 0, 1, 0, 1, 2, 2, 2, 2, 2, 2, 2, 2, 2, 2, 0, 0, 0, 0, 0, 0, 0]","[""i"", ""bought"", ""this"", ""for"", ""travel"", ""but"", ""ended"", ""up"", ""using"", ""this"", ""all"", ""the"", ""time"", ""!"", ""i"", ""enjoy"", ""it"", ""so"", ""much"", ""!"", ""it"", ""'"", ""s"", ""not"", ""heavy"", ""."", ""everything"", ""is"", ""section"", ""##ed"", ""off"", ""for"", ""organization"", ""and"", ""can"", ""be"", ""compartment"", ""##ali"", ""##zed"", ""and"", ""kept"", ""separate"", ""."", ""i"", ""love"", ""that"", ""."", ""the"", ""colors"", ""are"", ""very"", ""cute"", "","", ""and"", ""exactly"", ""what"", ""i"", ""was"", ""expecting"", ""from"", ""the"", ""advertisement"", ""and"", ""the"", ""pictures"", ""posted"", ""."", ""the"", ""middle"", ""section"", ""for"", ""your"", ""tablet"", ""/"", ""ipad"", ""is"", ""padded"", ""so"", ""that"", ""its"", ""protected"", ""."", ""there"", ""are"", ""places"", ""/"", ""pockets"", ""for"", ""charging"", ""cables"", ""and"", ""thumb"", ""drives"", ""."", ""i"", ""enjoy"", ""it"", ""a"", ""lot"", "".""]"
"[0, 0, 0, 0, 0, 0, 1, 2, 0, 1, 2, 2, 2, 2, 2, 2, 0, 0, 0, 1, 2, 2, 2, 2, 2, 0, 0, 0, 0, 1, 2, 0, 0, 1, 2, 2, 2, 2, 0, 0, 0, 0, 1, 0, 0, 0, 0, 0, 0, 1, 2, 2, 2, 2, 2, 0]","[""i"", ""love"", ""that"", ""this"", ""lip"", ""##pie"", ""stays"", ""on"", ""but"", ""doesn"", ""\u2019"", ""t"", ""make"", ""my"", ""lips"", ""dry"", ""."", ""i"", ""can"", ""hardly"", ""tell"", ""i"", ""am"", ""wearing"", ""anything"", ""."", ""it"", ""\u2019"", ""s"", ""very"", ""smooth"", ""and"", ""it"", ""does"", ""last"", ""a"", ""long"", ""time"", ""."", ""i"", ""got"", ""the"", ""color"", ""forever"", ""and"", ""feel"", ""it"", ""is"", ""a"", ""good"", ""color"", ""for"", ""all"", ""skin"", ""tones"", "".""]"
"[0, 0, 0, 0, 0, 0, 0, 0, 0, 0, 0, 0, 0, 0, 0]","[""i"", ""use"", ""it"", ""for"", ""all"", ""my"", ""sewing"", ""machine"", ""feet"", ""and"", ""utilities"", ""."", ""works"", ""great"", "".""]"
"[0, 0, 0, 1, 2, 0, 3, 4, 4, 4, 0, 0, 0, 0, 0, 0, 0, 0, 0, 0, 0, 0, 0, 0, 0, 0, 0, 0, 0, 0, 0]","[""seemed"", ""like"", ""a"", ""great"", ""idea"", ""but"", ""doesn"", ""\u2019"", ""t"", ""work"", ""for"", ""me"", ""."", ""i"", ""tried"", ""using"", ""as"", ""a"", ""bra"", ""as"", ""a"", ""final"", ""attempt"", ""and"", ""that"", ""was"", ""also"", ""a"", ""no"", ""go"", "".""]"
"[0, 0, 0, 0, 0, 0, 1, 2, 0, 0, 0, 0, 0, 0, 0, 0, 0, 0, 3, 4, 0, 3, 4, 4, 4, 4, 4, 4, 4, 0, 0, 1, 2, 2, 0, 0, 0, 0, 0, 0, 0, 0, 0, 0, 0, 0, 0, 0, 0, 0, 1, 2, 2, 2, 2, 2, 2, 2, 2, 0, 0, 1, 2, 2, 0, 1, 2, 2, 2, 2, 0, 0, 0, 0, 0, 0, 0, 0, 0, 0, 0, 0, 0, 0, 0, 0, 0, 0, 0, 0, 0, 0, 0, 0, 0, 0]","[""i"", ""absolutely"", ""love"", ""this"", ""product"", ""."", ""long"", ""lasting"", ""never"", ""works"", ""on"", ""me"", ""."", ""."", ""."", ""even"", ""lips"", ""##ense"", ""looks"", ""awful"", ""and"", ""b"", ""##lot"", ""##chy"", ""within"", ""an"", ""hour"", ""or"", ""so"", ""but"", ""this"", ""goes"", ""on"", ""smooth"", "","", ""once"", ""it"", ""dr"", ""##ies"", ""i"", ""put"", ""on"", ""a"", ""layer"", ""of"", ""cha"", ""##ps"", ""##tick"", ""and"", ""it"", ""doesn"", ""'"", ""t"", ""dry"", ""my"", ""lips"", ""out"", ""at"", ""all"", ""."", ""it"", ""lasts"", ""all"", ""day"", ""and"", ""color"", ""is"", ""even"", ""and"", ""beautiful"", ""."", ""i"", ""never"", ""write"", ""reviews"", ""but"", ""since"", ""there"", ""were"", ""many"", ""so"", ""so"", ""reviews"", ""in"", ""here"", ""i"", ""had"", ""to"", ""write"", ""about"", ""how"", ""much"", ""i"", ""love"", ""this"", ""!""]"
"[0, 0, 0, 1, 0, 0, 0, 0, 0, 0, 1, 2, 2, 2, 2, 2, 2, 2, 2, 1, 2]","[""i"", ""love"", ""how"", ""light"", ""the"", ""spill"", ""##s"", ""on"", ""the"", ""face"", ""nothing"", ""needs"", ""to"", ""be"", ""added"", ""to"", ""make"", ""them"", ""stay"", ""very"", ""comfortable""]"
"[0, 1, 0, 0]","[""great"", ""color"", ""and"", ""product""]"
"[0, 0, 0, 0, 0, 3, 4, 0, 0, 0, 0, 0, 0, 0, 0, 0, 0, 3, 4, 4, 4, 4, 4, 4, 0, 0, 1, 2, 2, 2, 0, 0, 0, 0, 0, 0, 0, 0, 0, 0, 0, 0, 0, 0, 0, 0, 0, 0, 0, 1, 2, 0, 0, 0, 0, 0, 0, 0, 0, 0, 0, 0, 0, 0, 0, 0, 0, 0, 0, 0, 0, 0, 0, 0, 0, 0, 0, 0, 0, 0, 0, 0, 0, 0, 0, 0, 0, 0, 0, 0, 0, 0, 0, 0, 0, 0, 0, 0, 0, 0, 0, 0, 0, 0, 0, 0, 0, 0, 0, 0, 0, 0, 0, 0, 0, 0, 0, 0, 0, 0, 0, 0, 3, 4, 4, 4, 4, 4, 0, 0, 0, 0, 0, 0, 0, 1, 2, 2, 0, 0, 0, 0, 0, 0, 0, 0, 0, 3, 4, 4, 4, 4, 4, 0, 0, 0, 0, 0, 0, 0, 0, 0, 0, 0, 0, 0, 0, 0, 0, 0, 0, 1, 0, 0, 0, 0, 0, 0, 0, 0, 0, 0, 0, 0, 0, 0, 1, 2, 2, 0, 0, 0]","[""the"", ""remove"", ""##r"", ""pads"", ""are"", ""not"", ""flat"", ""like"", ""shown"", ""in"", ""the"", ""advertised"", ""photo"", "","", ""and"", ""while"", ""they"", ""do"", ""not"", ""flat"", ""##ten"", ""out"", ""after"", ""wash"", ""they"", ""also"", ""don"", ""\u2019"", ""t"", ""curl"", ""anymore"", ""."", ""i"", ""\u2019"", ""ve"", ""used"", ""them"", ""with"", ""just"", ""water"", ""to"", ""lightly"", ""ex"", ""##folia"", ""##te"", ""my"", ""skin"", ""and"", ""they"", ""feel"", ""good"", ""."", ""i"", ""\u2019"", ""ve"", ""also"", ""used"", ""them"", ""with"", ""cream"", ""makeup"", ""remove"", ""##r"", ""("", ""ol"", ""##ay"", "")"", "","", ""oil"", ""-"", ""based"", ""eye"", ""makeup"", ""remove"", ""##r"", ""("", ""cl"", ""##ini"", ""##que"", "")"", "","", ""with"", ""a"", ""cream"", ""based"", ""face"", ""soap"", ""("", ""cl"", ""##ini"", ""##que"", "")"", "","", ""as"", ""well"", ""as"", ""to"", ""apply"", ""tone"", ""##r"", ""("", ""various"", ""brands"", "")"", ""."", ""mascara"", ""has"", ""washed"", ""out"", ""so"", ""far"", "","", ""but"", ""the"", ""liquid"", ""foundation"", ""i"", ""used"", ""("", ""bare"", ""minerals"", "")"", ""didn"", ""\u2019"", ""t"", ""wash"", ""out"", ""entirely"", ""."", ""i"", ""\u2019"", ""d"", ""been"", ""looking"", ""for"", ""re"", ""##usa"", ""##ble"", ""remove"", ""##r"", ""pads"", ""for"", ""a"", ""while"", ""and"", ""while"", ""they"", ""don"", ""\u2019"", ""t"", ""wash"", ""out"", ""perfectly"", "","", ""they"", ""do"", ""a"", ""pretty"", ""good"", ""job"", ""for"", ""what"", ""they"", ""\u2019"", ""re"", ""meant"", ""for"", ""and"", ""they"", ""\u2019"", ""re"", ""affordable"", ""."", ""i"", ""\u2019"", ""ve"", ""only"", ""washed"", ""them"", ""a"", ""couple"", ""times"", ""and"", ""they"", ""\u2019"", ""ve"", ""held"", ""up"", ""okay"", ""so"", ""far"", "".""]"
"[0, 0, 0, 0, 1, 2, 2, 2, 0, 0, 0, 0, 0, 0, 0, 0, 0, 0, 0, 0, 0, 1, 2, 2, 0, 0, 0, 1, 2, 2, 2, 2, 2, 2, 0]","[""the"", ""lip"", ""liner"", ""is"", ""very"", ""easy"", ""to"", ""use"", ""."", ""i"", ""usually"", ""only"", ""use"", ""it"", ""in"", ""the"", ""morning"", ""."", ""since"", ""there"", ""are"", ""many"", ""different"", ""colors"", "","", ""it"", ""is"", ""very"", ""ea"", ""##dy"", ""to"", ""match"", ""the"", ""lipstick"", "".""]"
"[0, 0, 0, 0, 0, 0, 0, 0, 0, 0, 0, 0, 0, 0, 0, 1, 2, 0, 0, 0, 0, 0, 0, 0, 0, 0, 0, 0, 0, 0, 0, 1, 2, 2, 0, 0, 0, 0, 0, 0, 0, 0, 0, 0, 0, 0, 0, 0, 0, 0, 0, 0, 0, 0, 0, 0, 0, 0, 1, 2, 2, 2, 2, 0, 0, 0, 0, 0, 0, 1, 2, 2, 2, 0, 0, 0, 0, 0, 3, 4, 4, 0, 0, 0, 0, 0, 1, 0, 0, 0, 0, 0, 0, 0, 0, 0, 0, 0, 0, 0, 0, 0, 0, 0, 0, 0, 0, 0, 0, 0, 0, 0, 0, 0, 0, 0, 0, 1, 2, 2, 2, 2, 2, 0, 0, 1, 2, 0, 0, 1, 2, 2, 0, 0]","[""our"", ""5"", ""month"", ""old"", ""loves"", ""this"", ""."", ""i"", ""have"", ""to"", ""say"", "","", ""the"", ""set"", ""is"", ""so"", ""cute"", ""."", ""when"", ""you"", ""lift"", ""out"", ""the"", ""items"", ""the"", ""vanity"", ""talks"", ""to"", ""you"", ""in"", ""the"", ""cute"", ""##st"", ""voice"", ""."", ""it"", ""tells"", ""you"", ""things"", ""like"", ""\"""", ""you"", ""look"", ""beautiful"", ""!"", ""\"""", ""and"", ""\"""", ""it"", ""'"", ""s"", ""time"", ""to"", ""get"", ""ready"", ""!"", ""\"""", ""it"", ""has"", ""lots"", ""of"", ""positive"", ""messages"", ""and"", ""the"", ""sounds"", ""and"", ""voice"", ""are"", ""not"", ""annoying"", ""at"", ""all"", ""."", ""most"", ""talking"", ""toys"", ""are"", ""painful"", ""to"", ""hear"", "","", ""but"", ""this"", ""one"", ""is"", ""adorable"", ""."", ""due"", ""to"", ""our"", ""daughter"", ""is"", ""so"", ""young"", ""she"", ""doesn"", ""'"", ""t"", ""have"", ""everything"", ""figured"", ""out"", ""100"", ""%"", ""yet"", "","", ""but"", ""knows"", ""how"", ""to"", ""make"", ""it"", ""talk"", ""and"", ""loves"", ""the"", ""lights"", ""that"", ""flash"", ""around"", ""the"", ""mirror"", ""."", ""a"", ""super"", ""cute"", ""toy"", ""!"", ""great"", ""battery"", ""life"", ""too"", "".""]"
"[0, 0, 1, 0, 1, 2, 2, 2, 0, 0, 0, 0, 0, 0, 0, 0, 1, 2, 2, 2, 2, 2, 0]","[""love"", ""the"", ""color"", "","", ""holds"", ""up"", ""somewhat"", ""well"", ""in"", ""terms"", ""of"", ""throughout"", ""the"", ""day"", ""."", ""the"", ""tip"", ""design"", ""is"", ""great"", ""for"", ""application"", "".""]"
"[0, 0, 0, 0, 0, 0, 1, 0, 1, 2, 2, 0, 0, 3, 4, 4, 0, 3, 4, 0, 0, 0, 0, 0, 0, 0, 0, 0, 0, 0, 0, 0, 0, 0, 0, 0, 0, 0, 0, 0, 0, 0, 0, 0, 0, 0, 0, 0, 0, 0, 0, 0, 0, 0, 0, 0, 0, 0, 0, 0, 0, 0, 0, 0, 0]","[""wanted"", ""to"", ""love"", ""this"", ""dress"", ""!"", ""beautiful"", "","", ""high"", ""quality"", ""fabric"", "","", ""but"", ""fit"", ""too"", ""big"", ""and"", ""box"", ""##y"", ""."", ""i"", ""\u2019"", ""m"", ""5"", ""\u2019"", ""8"", ""\u201d"", "","", ""170"", ""##lb"", ""##s"", "","", ""36"", ""##d"", "","", ""with"", ""a"", ""pear"", ""shape"", ""."", ""surprised"", ""size"", ""8"", ""was"", ""large"", ""on"", ""me"", ""."", ""would"", ""\u2019"", ""ve"", ""exchanged"", ""for"", ""6"", "","", ""but"", ""too"", ""much"", ""of"", ""a"", ""price"", ""difference"", ""."", ""returned"", "".""]"
"[1, 2, 2, 0, 0, 0, 0, 0, 0, 1, 2, 2, 0, 0, 1, 2, 2, 2, 2, 2, 2, 2, 0, 1, 2, 2, 2, 2, 2, 2, 2]","[""good"", ""quality"", ""bag"", "","", ""just"", ""what"", ""i"", ""expected"", ""."", ""easy"", ""to"", ""carry"", "","", ""and"", ""good"", ""choice"", ""for"", ""working"", ""women"", ""who"", ""carries"", ""laptop"", ""."", ""perfect"", ""fit"", ""for"", ""13"", ""##in"", ""##ch"", ""mac"", ""##book""]"
"[0, 0, 0, 0, 0, 0, 0, 0, 0, 0, 1, 2, 2, 0, 0, 0, 0, 0, 0, 0, 0]","[""my"", ""dogs"", ""love"", ""this"", ""pillow"", ""and"", ""and"", ""it"", ""'"", ""s"", ""easy"", ""to"", ""clean"", ""also"", ""!"", ""what"", ""more"", ""do"", ""you"", ""need"", ""?""]"
"[0, 0, 0, 0, 0, 0, 0, 0, 0, 0, 0, 0, 0, 0, 0, 0, 0, 0, 0, 0, 0, 0, 0, 0, 0, 0, 0, 0, 0, 0, 0, 0, 0, 0, 0, 0, 0, 0, 0, 0, 0, 0, 0, 0, 0, 0, 0, 0, 0, 0, 0, 0, 0, 0, 0, 1, 0, 0, 1, 2, 2, 2, 0, 0, 0, 0, 1, 2, 0, 0, 0, 0, 0, 0, 0, 0, 0, 0, 0, 0, 0, 0, 0, 0, 0, 0, 0, 0, 0, 0, 0, 0, 0, 0, 0, 0, 0, 0, 0, 0, 0, 1, 2, 0, 0, 0, 0, 0, 0, 1, 0, 0, 0, 0, 0, 0, 0, 0, 0, 0, 0, 0, 0, 0, 0, 0, 0, 0, 0]","[""wet"", ""n"", ""wild"", "","", ""who"", ""hasn"", ""'"", ""t"", ""heard"", ""of"", ""their"", ""products"", ""."", ""i"", ""used"", ""to"", ""think"", ""that"", ""they"", ""were"", ""an"", ""old"", ""company"", ""with"", ""out"", ""-"", ""dated"", ""products"", "","", ""but"", ""they"", ""are"", ""not"", ""."", ""this"", ""lip"", ""stick"", ""is"", ""just"", ""as"", ""great"", ""as"", ""any"", ""other"", ""and"", ""just"", ""as"", ""pretty"", ""on"", ""."", ""it"", ""'"", ""s"", ""a"", ""very"", ""nice"", ""lipstick"", ""that"", ""lasts"", ""longer"", ""than"", ""most"", ""."", ""this"", ""is"", ""a"", ""great"", ""color"", ""and"", ""i"", ""love"", ""it"", ""and"", ""i"", ""would"", ""buy"", ""it"", ""again"", ""."", ""my"", ""first"", ""order"", ""did"", ""not"", ""arrive"", "","", ""but"", ""these"", ""guys"", ""sent"", ""me"", ""another"", ""."", ""how"", ""great"", ""is"", ""that"", ""?"", ""this"", ""is"", ""a"", ""great"", ""product"", "","", ""sold"", ""by"", ""an"", ""even"", ""better"", ""company"", ""."", ""wet"", ""n"", ""wild"", ""is"", ""up"", ""with"", ""the"", ""current"", ""times"", ""on"", ""their"", ""products"", ""."", ""thank"", ""you"", ""so"", ""much"", "".""]"
"[0, 0, 0, 0, 0, 0, 0, 0, 0, 0, 0, 0, 0, 0, 0, 0, 0, 0, 0, 0, 0, 0, 0, 0, 0, 0, 0, 0, 0, 0, 0, 0, 0, 0, 0, 0, 0, 0, 0, 0, 0, 0, 0, 0, 0, 0, 0, 0, 0, 1, 2, 2, 2, 2, 2, 0, 0, 0, 0, 0, 0, 0, 0, 0, 0, 0, 0, 0, 0, 0, 0, 0, 0, 0, 1, 2, 2, 2, 2, 0, 0, 0, 0, 0, 0, 0, 0, 0, 0, 0, 0, 1, 2, 2, 0, 0, 0, 0, 0, 0, 0, 0, 1, 2, 2, 2, 2, 2, 2, 0, 0, 0, 0, 0, 1, 2, 2, 2, 2, 0, 0, 0, 0, 0, 0, 0]","[""i"", ""used"", ""this"", ""item"", ""a"", ""little"", ""different"", ""than"", ""most"", ""pp"", ""##l"", ""."", ""."", ""."", ""but"", ""this"", ""is"", ""one"", ""of"", ""the"", ""best"", ""purchases"", ""i"", ""\u2019"", ""ve"", ""made"", ""!"", ""im"", ""all"", ""about"", ""organization"", ""and"", ""lately"", ""my"", ""bathroom"", ""has"", ""been"", ""so"", ""cl"", ""##uttered"", ""so"", ""straight"", ""to"", ""amazon"", ""i"", ""went"", ""!"", ""!"", ""this"", ""opened"", ""up"", ""so"", ""much"", ""cabinet"", ""space"", ""and"", ""made"", ""my"", ""counter"", ""##top"", ""not"", ""look"", ""so"", ""messy"", ""!"", ""!"", ""my"", ""face"", ""wash"", ""is"", ""pretty"", ""big"", ""and"", ""it"", ""fits"", ""perfectly"", ""with"", ""no"", ""issue"", ""!"", ""!"", ""the"", ""shelves"", ""are"", ""mo"", ""##vable"", ""so"", ""it"", ""\u2019"", ""s"", ""very"", ""easy"", ""to"", ""organize"", ""!"", ""assembly"", ""was"", ""less"", ""than"", ""5"", ""minutes"", ""and"", ""is"", ""held"", ""in"", ""by"", ""little"", ""stop"", ""##pers"", ""!"", ""if"", ""you"", ""have"", ""trouble"", ""t"", ""##wee"", ""##zers"", ""work"", ""perfect"", ""!"", ""love"", ""love"", ""love"", ""this"", ""item"", ""!""]"
"[0, 0, 0, 0, 0, 0, 0, 0, 0, 0, 0, 0, 1, 2, 2, 2, 2, 2, 0, 0, 0, 0, 0, 0, 0, 0, 0, 0, 0, 0, 0, 0, 0, 0, 0, 0, 1, 2, 2, 2, 2, 1, 2, 2, 2, 2, 2, 2, 0, 0, 0, 1, 2, 1, 2, 2]","[""i"", ""work"", ""for"", ""10"", ""hours"", ""a"", ""day"", ""every"", ""day"", ""and"", ""this"", ""lipstick"", ""last"", ""pretty"", ""much"", ""the"", ""entire"", ""day"", ""for"", ""me"", ""."", ""maybe"", ""when"", ""i"", ""eat"", ""i"", ""have"", ""to"", ""add"", ""just"", ""a"", ""little"", ""bit"", ""more"", ""but"", ""it"", ""doesn"", ""'"", ""t"", ""get"", ""sticky"", ""doesn"", ""'"", ""t"", ""make"", ""my"", ""lips"", ""dry"", ""this"", ""is"", ""a"", ""great"", ""product"", ""better"", ""than"", ""mac""]"
"[0, 0, 0, 0, 0, 0, 0, 0, 0, 0, 0, 0, 0, 0, 0, 0, 0, 0, 0, 0, 0, 0, 0, 0, 0, 0, 0, 0, 0, 0, 0, 0, 0, 0, 0, 0, 0, 0, 0, 0, 0, 0, 0, 0, 0, 0, 0, 0, 0, 0, 0, 0, 0, 0, 0, 0, 0, 0, 0, 0, 0, 0, 0, 0, 0, 0, 0, 0, 0, 0, 0, 0, 0, 0, 0]","[""i"", ""bought"", ""a"", ""2"", ""pack"", ""only"", ""got"", ""1"", ""i"", ""was"", ""told"", ""to"", ""return"", ""it"", ""and"", ""i"", ""'"", ""d"", ""get"", ""a"", ""new"", ""order"", ""."", ""the"", ""order"", ""just"", ""came"", ""and"", ""it"", ""'"", ""s"", ""only"", ""1"", ""package"", ""."", ""at"", ""this"", ""point"", ""i"", ""really"", ""don"", ""'"", ""t"", ""know"", ""what"", ""i"", ""'"", ""m"", ""supposed"", ""to"", ""do"", ""."", ""i"", ""technically"", ""have"", ""2"", ""now"", ""but"", ""i"", ""'"", ""m"", ""supposed"", ""to"", ""return"", ""one"", ""or"", ""i"", ""'"", ""m"", ""going"", ""to"", ""get"", ""charged"", ""again"", "".""]"
"[0, 0, 0, 0, 0, 0, 0, 0, 1, 2, 2, 0, 0, 0, 0, 0, 0, 0, 0, 0, 1, 2, 2, 2, 2, 2, 2, 2, 2, 0, 0, 0, 1, 2, 2, 2, 2, 0, 0, 0, 1, 2, 2, 2, 0, 0, 0, 0, 0, 0, 0, 0, 1, 2, 2, 2, 2, 2, 2, 2, 0, 0, 0, 0, 0, 0, 0, 0, 0, 0, 0, 0, 0, 0, 0, 0, 0, 0, 0, 0, 0, 0, 0, 0, 0, 0, 0, 0, 0, 0, 0, 0, 0, 0, 0, 0, 0, 0, 0, 1, 2, 2, 0, 1, 2, 2, 2, 2, 2, 2, 2, 0, 0, 0, 0, 0, 0, 0, 0, 0, 0, 0, 0, 0, 0, 0, 0, 0, 0, 0, 0, 0, 0, 0, 0, 0, 1, 2, 2, 2, 2, 0, 0, 0, 0, 0, 0, 0, 1, 2, 2, 2, 2, 2, 2, 0, 0, 0, 0, 0, 0, 0, 0, 0, 0, 0, 0, 0]","[""i"", ""chose"", ""this"", ""barrier"", ""over"", ""others"", ""because"", ""of"", ""the"", ""pocket"", ""design"", ""."", ""for"", ""me"", "","", ""that"", ""extends"", ""its"", ""functionality"", ""by"", ""being"", ""able"", ""to"", ""store"", ""tablets"", "","", ""books"", "","", ""etc"", ""."", ""it"", ""also"", ""provides"", ""extra"", ""du"", ""##ra"", ""##bility"", ""."", ""it"", ""is"", ""very"", ""easy"", ""to"", ""install"", "","", ""with"", ""the"", ""clip"", ""design"", "","", ""so"", ""it"", ""can"", ""be"", ""removed"", ""and"", ""re"", ""-"", ""installed"", ""quickly"", ""if"", ""you"", ""don"", ""\u2019"", ""t"", ""want"", ""to"", ""leave"", ""it"", ""up"", ""."", ""i"", ""don"", ""\u2019"", ""t"", ""find"", ""that"", ""it"", ""causes"", ""any"", ""obstruction"", ""of"", ""view"", ""so"", ""i"", ""leave"", ""it"", ""in"", ""for"", ""the"", ""most"", ""part"", ""."", ""i"", ""like"", ""that"", ""it"", ""is"", ""a"", ""soft"", ""mesh"", ""design"", ""and"", ""can"", ""be"", ""compact"", ""##ly"", ""folded"", ""and"", ""tucked"", ""in"", ""the"", ""back"", ""pocket"", ""of"", ""my"", ""passenger"", ""seat"", ""if"", ""needed"", ""."", ""it"", ""seems"", ""like"", ""a"", ""design"", ""which"", ""would"", ""work"", ""for"", ""a"", ""lot"", ""of"", ""vehicles"", ""because"", ""it"", ""has"", ""a"", ""lot"", ""of"", ""stretch"", ""."", ""that"", ""stretch"", ""lets"", ""you"", ""get"", ""a"", ""s"", ""##nu"", ""##g"", ""fit"", ""without"", ""dr"", ""##ooping"", ""."", ""i"", ""drive"", ""a"", ""honda"", ""fit"", ""and"", ""it"", ""works"", ""in"", ""my"", ""car"", "".""]"
"[0, 0, 0, 0, 0, 0, 0, 0, 0, 0, 0, 0, 0, 0, 0, 0, 0, 0, 0, 0, 0, 0, 0, 0, 0, 0, 0, 0, 0, 0, 0, 0, 0, 0, 0, 0, 0, 0, 0, 0, 0, 0, 0, 0, 0, 0, 0, 0, 0, 0, 0, 0, 0, 0, 0, 0, 0, 0, 0, 0, 0, 0, 0, 0, 0, 3, 4, 4, 4, 4, 4, 4, 4, 4, 0, 0, 0, 0, 0, 0, 0, 0, 1, 2, 2, 2, 0, 1, 2, 2, 2, 2, 2, 0, 0, 0, 0, 0, 0, 0, 0, 0, 0, 0, 0, 0, 0, 0, 0, 1, 2, 2, 2, 2, 2, 2, 0]","[""so"", ""i"", ""just"", ""upgraded"", ""my"", ""stereo"", ""and"", ""did"", ""not"", ""want"", ""to"", ""ruin"", ""my"", ""new"", ""unit"", ""with"", ""the"", ""cd"", ""insert"", ""so"", ""mount"", ""so"", ""i"", ""got"", ""this"", ""to"", ""just"", ""set"", ""my"", ""phone"", ""on"", ""the"", ""dash"", ""when"", ""its"", ""connected"", ""via"", ""usb"", ""or"", ""bt"", ""."", ""the"", ""pad"", ""stays"", ""in"", ""place"", ""100"", ""%"", ""with"", ""and"", ""without"", ""the"", ""phone"", ""on"", ""top"", ""of"", ""it"", ""but"", ""when"", ""i"", ""try"", ""to"", ""remove"", ""the"", ""phone"", ""the"", ""pad"", ""usually"", ""comes"", ""off"", ""the"", ""dash"", ""with"", ""it"", ""."", ""that"", ""is"", ""the"", ""small"", ""annoyance"", ""but"", ""it"", ""peaks"", ""off"", ""super"", ""easy"", ""and"", ""sticks"", ""right"", ""back"", ""to"", ""the"", ""dash"", ""."", ""i"", ""'"", ""ve"", ""taken"", ""some"", ""hard"", ""corners"", ""and"", ""stops"", ""without"", ""any"", ""issue"", ""and"", ""it"", ""has"", ""survived"", ""100"", ""+"", ""degree"", ""days"", ""without"", ""melting"", "".""]"
"[1, 2, 2, 0, 0, 3, 4, 4, 4, 4, 4, 4, 4, 4, 0, 0, 0, 0, 0, 1, 0, 0, 0, 0, 0, 3, 4, 4, 4, 4, 4, 0]","[""looks"", ""really"", ""nice"", "","", ""but"", ""my"", ""dog"", ""can"", ""'"", ""t"", ""get"", ""comfortable"", ""on"", ""it"", ""."", ""it"", ""is"", ""not"", ""one"", ""solid"", ""pillow"", "","", ""it"", ""is"", ""more"", ""like"", ""a"", ""lump"", ""##y"", ""don"", ""##ut"", "".""]"
"[0, 0, 0, 3, 4, 4, 4, 4, 4, 0, 3, 4, 4, 0, 0, 0, 0, 0, 0, 0, 0, 0, 0, 0, 3, 4, 4, 0, 3, 4, 0, 3, 4, 4, 4, 0, 0, 0, 0, 0, 0, 0, 0, 0, 0, 0, 0, 0, 0, 0, 0, 0, 0]","[""the"", ""devi"", ""##se"", ""stopped"", ""working"", ""after"", ""a"", ""couple"", ""uses"", ""and"", ""got"", ""so"", ""hot"", ""it"", ""burnt"", ""my"", ""fingers"", ""when"", ""i"", ""tried"", ""to"", ""remove"", ""it"", ""."", ""poor"", ""quality"", ""assurance"", ""and"", ""no"", ""support"", ""."", ""no"", ""option"", ""to"", ""return"", ""!"", ""not"", ""happy"", "","", ""i"", ""would"", ""have"", ""given"", ""id"", ""##isk"", ""##k"", ""another"", ""chance"", ""if"", ""they"", ""provided"", ""support"", "".""]"
"[0, 0, 0, 0, 1, 2, 2, 2, 2, 2, 0, 0, 0, 0, 0, 0, 0, 0, 0, 0, 0, 1, 2, 2, 2, 0, 0, 0, 0, 0, 0, 0, 0, 0, 0, 0, 0, 0, 1, 2, 2, 2, 2, 2, 2, 2, 0, 0, 0, 0]","[""i"", ""have"", ""never"", ""had"", ""so"", ""many"", ""shades"", ""of"", ""brown"", ""ink"", ""in"", ""my"", ""life"", ""and"", ""use"", ""it"", ""so"", ""much"", ""!"", ""this"", ""distress"", ""oxide"", ""ink"", ""is"", ""incredible"", ""and"", ""i"", ""don"", ""'"", ""t"", ""know"", ""what"", ""i"", ""would"", ""do"", ""without"", ""it"", ""it"", ""adds"", ""so"", ""much"", ""detail"", ""to"", ""all"", ""my"", ""pages"", ""i"", ""love"", ""it"", ""!""]"
"[0, 0, 0, 0, 0, 0, 0, 3, 4, 4, 4, 4, 4, 4, 4, 4, 0, 0, 0, 0, 0, 0, 0, 0, 0, 0, 0, 0, 4, 0, 0, 0, 0, 0, 0, 1, 0]","[""about"", ""lipstick"", "","", ""product"", ""great"", "","", ""but"", ""color"", ""is"", ""not"", ""at"", ""all"", ""what"", ""i"", ""would"", ""expect"", ""in"", ""a"", ""peach"", ""lipstick"", ""."", ""i"", ""would"", ""not"", ""buy"", ""it"", ""again"", ""for"", ""color"", ""."", ""i"", ""liked"", ""that"", ""it"", ""was"", ""organic"", "".""]"
"[0, 0, 0, 0, 0, 0, 0, 0, 0, 0, 0, 0, 0, 0, 0, 0, 0, 0, 0, 0, 0, 0, 0, 0, 0, 0]","[""restaurant"", ""quality"", ""brew"", ""."", ""really"", ""enjoy"", ""it"", ""hot"", ""or"", ""cold"", ""with"", ""or"", ""without"", ""a"", ""spoon"", ""##ful"", ""of"", ""honey"", ""and"", ""a"", ""splash"", ""of"", ""half"", ""and"", ""half"", "".""]"
"[0, 0, 0, 0, 0, 0, 0, 0, 0, 0, 0, 0, 0, 0, 0, 0, 0, 0, 0, 0, 0, 0, 0, 0, 0, 1, 2, 2, 0, 0, 0, 0, 0, 0, 0, 0, 0, 0, 0, 0, 0, 0, 0, 0, 0, 0, 0, 0, 0, 0, 0, 0, 0, 0, 0, 0, 0, 0, 0, 0, 0, 0, 0, 0, 0, 0, 0]","[""ratings"", ""mean"", ""nothing"", ""."", ""if"", ""skeptical"", "","", ""watch"", ""/"", ""listen"", ""for"", ""10"", ""minutes"", ""and"", ""then"", ""decide"", ""if"", ""it"", ""'"", ""s"", ""for"", ""you"", ""."", ""truly"", ""a"", ""very"", ""good"", ""documentary"", ""."", ""it"", ""is"", ""difficult"", ""for"", ""many"", ""to"", ""open"", ""up"", ""in"", ""regards"", ""to"", ""addiction"", ""."", ""i"", ""have"", ""always"", ""learned"", ""from"", ""those"", ""who"", ""have"", ""overcome"", ""addiction"", "","", ""tragedy"", "","", ""as"", ""well"", ""as"", ""all"", ""hi"", ""##cc"", ""##ups"", ""life"", ""throws"", ""our"", ""way"", "".""]"
"[0, 1, 2, 0, 0, 0, 0, 0, 0, 0, 0, 0, 0, 0, 0, 0, 1, 2, 2, 2, 2, 0, 1, 2, 0, 1, 2, 0, 0, 0, 0]","[""very"", ""pretty"", ""design"", ""."", ""i"", ""bought"", ""it"", ""for"", ""my"", ""daughter"", ""and"", ""she"", ""loved"", ""it"", ""."", ""the"", ""chain"", ""strap"", ""is"", ""perfect"", ""length"", ""."", ""nice"", ""packaging"", ""and"", ""fast"", ""shipping"", ""."", ""highly"", ""recommended"", "".""]"
"[1, 2, 2, 0, 0, 0, 0, 0, 0, 0, 0, 0, 0, 0, 0, 0, 0, 0, 0, 0, 0, 0, 0, 0, 0, 0]","[""restaurant"", ""quality"", ""brew"", ""."", ""really"", ""enjoy"", ""it"", ""hot"", ""or"", ""cold"", ""with"", ""or"", ""without"", ""a"", ""spoon"", ""##ful"", ""of"", ""honey"", ""and"", ""a"", ""splash"", ""of"", ""half"", ""and"", ""half"", "".""]"
